17,Tangalan,67
16,Numancia,67
15,New Washington,67
14,Nabas,67
13,Malinao,67
12,Malay,67
11,Makato,67
10,Madalag,67
9,Libacao,67
8,Lezo,67
7,Kalibo,67
6,Ibajay,67
5,Buruanga,67
4,Batan,67
3,Banga,67
2,Balete,67
1,Altavas,67
35,Valderrama,68
34,Tobias Fornier,68
33,Tibiao,68
32,Sibalom,68
31,Sebaste,68
30,San Remigio,68
29,San Jose,68
28,Patnongon,68
27,Pandan,68
26,Libertad,68
25,Laua-an,68
24,Hamtic,68
23,Culasi,68
22,Caluya,68
21,Bugasong,68
20,Belison,68
19,Barbaza,68
18,Anini-Y,68
43,Naval,69
42,Maripipi,69
41,Kawayan,69
40,Culaba,69
39,Caibiran,69
38,Cabucgayan,69
37,Biliran,69
36,Almeria,69
91,Valencia,70
90,Ubay,70
89,Tubigon,70
88,Trinidad,70
87,Talibon,70
86,Tagbilaran City,70
85,Sikatuna,70
84,Sierra Bullones,70
83,Sevilla,70
82,San Miguel,70
81,San Isidro,70
80,Sagbayan,70
79,Pres. Carlos P. Garcia,70
78,Pilar,70
77,Panglao,70
76,Maribojoc,70
75,Mabini,70
74,Loon,70
73,Loboc,70
72,Loay,70
71,Lila,70
70,Jetafe,70
69,Jagna,70
68,Inabanga,70
67,Guindulman,70
66,Garcia Hernandez,70
65,Duero,70
64,Dimiao,70
63,Dauis,70
62,Danao,70
61,Dagohoy,70
60,Cortes,70
59,Corella,70
58,Clarin,70
57,Catigbian,70
56,Carmen,70
55,Candijay,70
54,Calape,70
53,Buenavista,70
52,Bilar,70
51,Bien Unido,70
50,Batuan,70
49,Balilihan,70
48,Baclayon,70
47,Antequera,70
46,Anda,70
45,Alicia,70
44,Alburquerque,70
108,Tapaz,71
107,Sigma,71
106,Sapi-an,71
105,Roxas City,71
104,President Roxas,71
103,Pontevedra,71
102,Pilar,71
101,Panitan,71
100,Panay,71
99,Mambusao,71
98,Ma-ayon,71
97,Jamindan,71
96,Ivisan,71
95,Dumarao,71
94,Dumalag,71
93,Dao,71
92,Cuartero,71
161,Tudela,72
160,Tuburan,72
159,Toledo City,72
158,Talisay City,72
157,Tabuelan,72
156,Tabogon,72
155,Sogod,72
154,Sibonga,72
153,Santander,72
152,Santa Fe,72
151,San Remigio,72
150,San Francisco,72
149,San Fernando,72
148,Samboan,72
147,Ronda,72
146,Poro,72
145,Pinamungahan,72
144,Pilar,72
143,Oslob,72
142,Naga City,72
141,Moalboal,72
140,Minglanilla,72
139,Medellin,72
138,Mandaue City,72
137,Malabuyoc,72
136,Madridejos,72
135,Liloan,72
134,Lapu-Lapu City,72
133,Ginatilan,72
132,Dumanjug,72
131,Danao City,72
130,Dalaguete,72
129,Daanbantayan,72
128,Cordoba,72
127,Consolacion,72
126,Compostela,72
125,Cebu City,72
124,Catmon,72
123,Carmen,72
122,Carcar City,72
121,Borbon,72
120,Boljoon,72
119,Bogo City,72
118,Barili,72
117,Bantayan,72
116,Balamban,72
115,Badian,72
114,Asturias,72
113,Argao,72
112,Aloguinsan,72
111,Alegria,72
110,Alcoy,72
109,Alcantara,72
185,Taft,73
184,Sulat,73
183,San Policarpo,73
182,San Julian,73
181,Salcedo,73
180,Quinapondan,73
179,Oras,73
178,Mercedes,73
177,Maydolong,73
176,Maslog,73
175,Mandolong,73
174,Llorente,73
173,Laua-an,73
172,Jipapad,73
171,Hernani,73
170,Guiuan,73
169,Giporlos,73
168,General Macarthur,73
167,Dolores,73
166,Can-Avid,73
165,Borongan City,73
164,Balangkayan,73
163,Balangiga,73
162,Arteche,73
190,Sibunag,74
189,San Lorenzo,74
188,Nueva Valencia,74
187,Jordan,74
186,Buenavista,74
234,Zarraga,75
233,Tubungan,75
232,Tigbauan,75
231,Sara,75
230,Santa Barbara,75
229,San Rafael,75
228,San Miguel,75
227,San Joaquin,75
226,San Enrique,75
225,San Dionisio,75
224,Pototan,75
223,Pavia,75
222,Passi City,75
221,Oton,75
220,New Lucena,75
219,Mina,75
218,Miagao,75
217,Maasin,75
216,Leon,75
215,Lemery,75
214,Leganes,75
213,Lambunao,75
212,Janiuay,75
211,Iloilo City,75
210,Igbaras,75
209,Guimbal,75
208,Estancia,75
207,Dumangas,75
206,Duenas,75
205,Dingle,75
204,Concepcion,75
203,Carles,75
202,Calinog,75
201,Cabatuan,75
200,Bingawan,75
199,Batad,75
198,Barotac Viejo,75
197,Barotac Nuevo,75
196,Banate,75
195,Balasan,75
194,Badiangan,75
193,Anilao,75
192,Alimodian,75
191,Ajuy,75
277,Villaba,76
276,Tunga,76
275,Tolosa,76
274,Tanauan,76
273,Tacloban City,76
272,Tabontabon,76
271,Tabango,76
270,Santa Fe,76
269,San Miguel,76
268,San Isidro,76
267,Pastrana,76
266,Palompon,76
265,Palo,76
264,Ormoc City,76
263,Merida,76
262,Mayorga,76
261,Matalom,76
260,Matag-Ob,76
259,Mahaplag,76
258,Macarthur,76
257,Leyte,76
256,La Paz,76
255,Kananga,76
254,Julita,76
253,Javier,76
252,Jaro,76
251,Isabel,76
250,Inopacan,76
249,Hindang,76
248,Hilongos,76
247,Dulag,76
246,Dagami,76
245,Carigara,76
244,Capoocan,76
243,Calubian,76
242,Burauen,76
241,Baybay City,76
240,Bato,76
239,Barugo,76
238,Babatngon,76
237,Albuera,76
236,Alangalang,76
235,Abuyog,76
309,Victorias City,77
308,Valladolid,77
307,Toboso,77
306,Talisay City,77
305,Sipalay City,77
304,Silay City,77
303,San Enrique,77
302,San Carlos City,77
301,Salvador Benedicto,77
300,Sagay City,77
299,Pulupandan,77
298,Pontevedra,77
297,Murcia,77
296,Moises Padilla,77
295,Manapla,77
294,La Castellana,77
293,La Carlota City,77
292,Kabankalan City,77
291,Isabela,77
290,Ilog,77
289,Hinoba-an,77
288,Hinigaran,77
287,Himamaylan City,77
286,Escalante City,77
285,Enrique B. Magalona,77
284,Cauayan,77
283,Candoni,77
282,Calatrava,77
281,Cadiz City,77
280,Binalbagan,77
279,Bago City,77
278,Bacolod City,77
334,Zamboanguita,78
333,Vallehermoso,78
332,Valencia,78
331,Tayasan,78
330,Tanjay City,78
329,Sibulan,78
328,Siaton,78
327,Santa Catalina,78
326,San Jose,78
325,Pamplona,78
324,Manjuyod,78
323,Mabinay,78
322,La Libertad,78
321,Jimalalud,78
320,Guihulngan City,78
319,Dumaguete City,78
318,Dauin,78
317,Canlaon City,78
316,Bindoy,78
315,Bayawan City,78
314,Basay,78
313,Bais City,78
312,Bacong,78
311,Ayungon,78
310,Amlan,78
358,Victoria,79
357,Silvino Lobos,79
356,San Vicente,79
355,San Roque,79
354,San Jose,79
353,San Isidro,79
352,San Antonio,79
351,Rosario,79
350,Pambujan,79
349,Palapag,79
348,Mondragon,79
347,Mapanas,79
346,Lope De Vega,79
345,Lavezares,79
344,Las Navas,79
343,Lapinig,79
342,Laoang,79
341,Gamay,79
340,Catubig,79
339,Catarman,79
338,Capul,79
337,Bobon,79
336,Biri,79
335,Allen,79
364,Siquijor,80
363,San Juan,80
362,Maria,80
361,Lazi,80
360,Larena,80
359,Enrique Villanueva,80
383,Tomas Oppus,81
382,Sogod,81
381,Silago,81
380,San Ricardo,81
379,San Juan,81
378,San Francisco,81
377,Saint Bernard,81
376,Pintuyan,81
375,Padre Burgos,81
374,Malitbog,81
373,Macrohon,81
372,Maasin City,81
371,Limasawa,81
370,Liloan,81
369,Libagon,81
368,Hinundayan,81
367,Hinunangan,81
366,Bontoc,81
365,Anahawan,81
409,Zumarraga,82
408,Villareal,82
407,Tarangnan,82
406,Talalora,82
405,Tagapul-An,82
404,Santo Nino,82
403,Santa Rita,82
402,Santa Margarita,82
401,San Sebastian,82
400,San Jose De Buan,82
399,San Jorge,82
398,Pinabacdao,82
397,Paranas,82
396,Pagsanghan,82
395,Motiong,82
394,Matuguinao,82
393,Marabut,82
392,Jiabong,82
391,Hinabangan,82
390,Gandara,82
389,Daram,82
388,Catbalogan City,82
387,Calbiga,82
386,Calbayog City,82
385,Basey,82
384,Almagro,82
427,Tiwi,51
426,Tabaco City,51
425,Santo Domingo,51
424,Rapu-Rapu,51
423,Polangui,51
422,Pio Duran,51
421,Oas,51
420,Manito,51
419,Malinao,51
418,Malilipot,51
417,Ligao City,51
416,Libon,51
415,Legazpi City,51
414,Jovellar,51
413,Guinobatan,51
412,Daraga,51
411,Camalig,51
410,Bacacay,51
461,Tuy,52
460,Tingloy,52
459,Taysan,52
458,Tanauan City,52
457,Talisay,52
456,Taal,52
455,Santo Tomas,52
454,Santa Teresita,52
453,San Pascual,52
452,San Nicolas,52
451,San Luis,52
450,San Juan,52
449,San Jose,52
448,Rosario,52
447,Padre Garcia,52
446,Nasugbu,52
445,Mataasnakahoy,52
444,Malvar,52
443,Mabini,52
442,Lobo,52
441,Lipa City,52
440,Lian,52
439,Lemery,52
438,Laurel,52
437,Ibaan,52
436,Cuenca,52
435,Calatagan,52
434,Calaca,52
433,Bauan,52
432,Batangas City,52
431,Balete,52
430,Balayan,52
429,Alitagtag,52
428,Agoncillo,52
473,Vinzons,53
472,Talisay,53
471,Santa Elena,53
470,San Vicente,53
469,San Lorenzo Ruiz,53
468,Paracale,53
467,Mercedes,53
466,Labo,53
465,Jose Panganiban,53
464,Daet,53
463,Capalonga,53
462,Basud,53
510,Tinambac,54
509,Tigaon,54
508,Siruma,54
507,Sipocot,54
506,San Jose,54
505,San Fernando,54
504,Sagnay,54
503,Ragay,54
502,Presentacion,54
501,Pili,54
500,Pasacao,54
499,Pamplona,54
498,Ocampo,54
497,Naga City,54
496,Nabua,54
495,Minalabac,54
494,Milaor,54
493,Magarao,54
492,Lupi,54
491,Libmanan,54
490,Lagonoy,54
489,Iriga City,54
488,Goa,54
487,Garchitorena,54
486,Gainza,54
485,Del Gallego,54
484,Caramoan,54
483,Canaman,54
482,Camaligan,54
481,Calabanga,54
480,Cabusao,54
479,Bula,54
478,Buhi,54
477,Bombon,54
476,Bato,54
475,Balatan,54
474,Baao,54
521,Virac,55
520,Viga,55
519,San Miguel,55
518,San Andres,55
517,Panganiban,55
516,Panaan,55
515,Gigmoto,55
514,Caramoran,55
513,Bayamanoc,55
512,Bato,55
511,Baras,55
544,Trece Martires City,56
543,Ternate,56
542,Tanza,56
541,Tagaytay City,56
540,Silang,56
539,Rosario,56
538,Noveleta,56
537,Naic,56
536,Mendez,56
535,Maragondon,56
534,Magallanes,56
533,Kawit,56
532,Indang,56
531,Imus,56
530,General Trias,56
529,General Emilio Aguinaldo,56
528,Gen. Mariano Alvarez,56
527,Dasmarinas City,56
526,Cavite City,56
525,Carmona,56
524,Bacoor,56
523,Amadeo,56
522,Alfonso,56
574,Victoria,57
573,Siniloan,57
572,Santa Rosa City,57
571,Santa Maria,57
570,Santa Cruz,57
569,San Pedro,57
568,San Pablo City,57
567,Rizal,57
566,Pila,57
565,Pangil,57
564,Pakil,57
563,Pagsanjan,57
562,Paete,57
561,Nagcarlan,57
560,Majayjay,57
559,Magdalena,57
558,Mabitac,57
557,Lumban,57
556,Luisiana,57
555,Los Banos,57
554,Liliw,57
553,Kalayaan,57
552,Famy,57
551,Cavinti,57
550,Calauan,57
549,Calamba City,57
548,Cabuyao,57
547,Binan City,57
546,Bay,57
545,Alaminos,57
580,Torrijos,58
579,Santa Cruz,58
578,Mogpog,58
577,Gasan,58
576,Buenavista,58
575,Boac,58
601,Uson,59
600,San Pascual,59
599,San Jacinto,59
598,San Fernando,59
597,Placer,59
596,Pio V. Corpuz,59
595,Palanas,59
594,Monreal,59
593,Mobo,59
592,Milagros,59
591,Masbate City,59
590,Mandaon,59
589,Esperanza,59
588,Dimasalang,59
587,Claveria,59
586,Cawayan,59
585,Cataingan,59
584,Batuan,59
583,Balud,59
582,Baleno,59
581,Aroroy,59
612,Santa Cruz,60
611,San Jose,60
610,Sablayan,60
609,Rizal,60
608,Paluan,60
607,Mamburao,60
606,Magsaysay,60
605,Lubang,60
604,Looc,60
603,Calintaan,60
602,Abra De Ilog,60
627,Victoria,61
626,Socorro,61
625,San Teodoro,61
624,Roxas,61
623,Puerto Galera,61
622,Pola,61
621,Pinamalayan,61
620,Naujan,61
619,Mansalay,61
618,Gloria,61
617,Calapan City,61
616,Bulalacao,61
615,Bongabong,61
614,Bansud,61
613,Baco,61
651,Taytay,62
650,Sofronio Espanola,62
649,San Vicente,62
648,Roxas,62
647,Rizal,62
646,Quezon,62
645,Puerto Princesa City,62
644,Narra,62
643,Magsaysay,62
642,Linapacan,62
641,Kalayaan,62
640,El Nido,62
639,Dumaran,62
638,Cuyo,62
637,Culion,62
636,Coron,62
635,Cagayancillo,62
634,Busuanga,62
633,Brooke's Point,62
632,Bataraza,62
631,Balabac,62
630,Araceli,62
629,Agutaya,62
628,Aborlan,62
692,Unisan,63
691,Tiaong,63
690,Tayabas City,63
689,Tagkawayan,63
688,Sariaya,63
687,San Narciso,63
686,San Francisco,63
685,San Antonio,63
684,San Andres,63
683,Sampaloc,63
682,Real,63
681,Quezon,63
680,Polillo,63
679,Plaridel,63
678,Pitogo,63
677,Perez,63
676,Patnanungan,63
675,Panukulan,63
674,Pagbilao,63
673,Padre Burgos,63
672,Mulanay,63
671,Mauban,63
670,Macalelon,63
669,Lucena City,63
668,Lucban,63
667,Lopez,63
666,Jomalig,63
665,Infanta,63
664,Gumaca,63
663,Guinayangan,63
662,General Nakar,63
661,General Luna,63
660,Dolores,63
659,Catanauan,63
658,Candelaria,63
657,Calauag,63
656,Burdeos,63
655,Buenavista,63
654,Atimonan,63
653,Alabat,63
652,Agdangan,63
706,Teresa,64
705,Taytay,64
704,Tanay,64
703,San Mateo,64
702,Rodriguez,64
701,Pililla,64
700,Morong,64
699,Jala-Jala,64
698,Cardona,64
697,Cainta,64
696,Binangonan,64
695,Baras,64
694,Antipolo City,64
693,Angono,64
723,Santa Maria,65
722,Santa Fe,65
721,San Jose,65
720,San Fernando,65
719,San Andres,65
718,San Agustin,65
717,Romblon,65
716,Odiongan,65
715,Magdiwang,65
714,Looc,65
713,Ferrol,65
712,Corcuera,65
711,Concepcion,65
710,Calatrava,65
709,Cajidiocan,65
708,Banton,65
707,Alcantara,65
738,Sorsogon City,66
737,Santa Magdalena,66
736,Prieto Diaz,66
735,Pilar,66
734,Matnog,66
733,Magallanes,66
732,Juban,66
731,Irosin,66
730,Gubat,66
729,Donsol,66
728,Castilla,66
727,Casiguran,66
726,Bulusan,66
725,Bulan,66
724,Barcelona,66
765,Villaviciosa,29
764,Tubo,29
763,Tineg,29
762,Tayum,29
761,San Quintin,29
760,San Juan,29
759,San Isidro,29
758,Sallapadan,29
757,Pilar,29
756,Pidigan,29
755,Penarrubia,29
754,Manabo,29
753,Malibcong,29
752,Luba,29
751,Licuan (Baay),29
750,Langiden,29
749,Lagayan,29
748,Lagangilan,29
747,Lacub,29
746,La Paz,29
745,Dolores,29
744,Danglas,29
743,Daguioman,29
742,Bucloc,29
741,Bucay,29
740,Boliney,29
739,Bangued,29
772,Santa Marcela,30
771,Pudtol,30
770,Luna,30
769,Kabugao,30
768,Flora,30
767,Conner,30
766,Calanasan,30
780,San Luis,31
779,Maria Aurora,31
778,Dipaculao,31
777,Dingalan,31
776,Dinalungan,31
775,Dilasag,31
774,Casiguran,31
773,Baler,31
792,Samal,32
791,Pilar,32
790,Orion,32
789,Orani,32
788,Morong,32
787,Mariveles,32
786,Limay,32
785,Hermosa,32
784,Dinalupihan,32
783,Balanga City,32
782,Bagac,32
781,Abucay,32
798,Uyugan,33
797,Sabtang,33
796,Mahatao,33
795,Ivana,33
794,Itbayat,33
793,Basco,33
812,Tublay,34
811,Tuba,34
810,Sablan,34
809,Mankayan,34
808,La Trinidad,34
807,Kibungan,34
806,Kapangan,34
805,Kabayan,34
804,Itogon,34
803,Buguias,34
802,Bokod,34
801,Bakun,34
800,Baguio City,34
799,Atok,34
836,Santa Maria,35
835,San Rafael,35
834,San Miguel,35
833,San Jose Del Monte City,35
832,San Ildefonso,35
831,Pulilan,35
830,Plaridel,35
829,Paombong,35
828,Pandi,35
827,Obando,35
826,Norzagaray,35
825,Meycauayan City,35
824,Marilao,35
823,Malolos City,35
822,Hagonoy,35
821,Guiguinto,35
820,Dona Remedios Trinidad,35
819,Calumpit,35
818,Bustos,35
817,Bulacan,35
816,Bocaue,35
815,Baliuag,35
814,Balagtas,35
813,Angat,35
865,Tuguegarao City,36
864,Tuao,36
863,Solana,36
862,Santo Nino,36
861,Santa Teresita,36
860,Santa Praxedes,36
859,Santa Ana,36
858,Sanchez-Mira,36
857,Rizal,36
856,Piat,36
855,Penablanca,36
854,Pamplona,36
853,Lasam,36
852,Lal-Lo,36
851,Iguig,36
850,Gonzaga,36
849,Gattaran,36
848,Enrile,36
847,Claveria,36
846,Camalaniugan,36
845,Calayan,36
844,Buguey,36
843,Ballesteros,36
842,Baggao,36
841,Aparri,36
840,Amulung,36
839,Allacapan,36
838,Alcala,36
837,Abulug,36
876,Tinoc,37
875,Mayoyao,37
874,Lamut,37
873,Lagawe,37
872,Kiangan,37
871,Hungduan,37
870,Hingyon,37
869,Banaue,37
868,Asipulo,37
867,Alfonso Lista,37
866,Aguinaldo,37
899,Vintar,38
898,Solsona,38
897,Sarrat,38
896,San Nicolas,38
895,Pinili,38
894,Piddig,38
893,Pasuquin,38
892,Paoay,38
891,Pagudpud,38
890,Nueva Era,38
889,Marcos,38
888,Laoag City,38
887,Dumalneg,38
886,Dingras,38
885,Currimao,38
884,Carasi,38
883,Burgos,38
882,Batac City,38
881,Banna,38
880,Bangui,38
879,Badoc,38
878,Bacarra,38
877,Adams,38
933,Vigan City,39
932,Tagudin,39
931,Suyo,39
930,Sugpon,39
929,Sinait,39
928,Sigay,39
927,Santo Domingo,39
926,Santiago,39
925,Santa Maria,39
924,Santa Lucia,39
923,Santa Cruz,39
922,Santa Catalina,39
921,Santa,39
920,San Vicente,39
919,San Juan,39
918,San Ildefonso,39
917,San Esteban,39
916,San Emilio,39
915,Salcedo,39
914,Quirino,39
913,Narvacan,39
912,Nagbukel,39
911,Magsingal,39
910,Lidlidda,39
909,Gregorio Del Pilar,39
908,Galimuyod,39
907,Cervantes,39
906,Caoayan,39
905,Candon City,39
904,Cabugao,39
903,Burgos,39
902,Bantay,39
901,Banayoyo,39
900,Alilem,39
971,Tumauini,40
970,Santo Tomas,40
969,Santiago City,40
968,Santa Maria,40
967,San Pablo,40
966,San Mateo,40
965,San Mariano,40
964,San Manuel,40
963,San Isidro,40
962,San Guillermo,40
961,San Agustin,40
960,Roxas,40
959,Reina Mercedes,40
958,Ramon,40
957,Quirino,40
956,Quezon,40
955,Palanan,40
954,Naguilian,40
953,Mallig,40
952,Maconacon,40
951,Luna,40
950,Jones,40
949,Isabela City,40
948,Ilagan,40
947,Gamu,40
946,Echague,40
945,Divilacan,40
944,Dinapigue,40
943,Delfin Albano,40
942,Cordon,40
941,Cauayan City,40
940,Cabatuan,40
939,Cabagan,40
938,Burgos,40
937,Benito Soliven,40
936,Aurora,40
935,Angadanan,40
934,Alicia,40
979,Tinglayan,41
978,Tanudan,41
977,Tabuk City,41
976,Rizal,41
975,Pinukpuk,41
974,Pasil,41
973,Lubuagan,41
972,Balbalan,41
999,Tubao,42
998,Sudipen,42
997,Santol,42
996,Santo Tomas,42
995,San Juan,42
994,San Gabriel,42
993,San Fernando City,42
992,Rosario,42
991,Pugo,42
990,Naguilian,42
989,Luna,42
988,Caba,42
987,Burgos,42
986,Bauang,42
985,Bangar,42
984,Balaoan,42
983,Bagulin,42
982,Bacnotan,42
981,Aringay,42
980,Agoo,42
1009,Tadian,43
1008,Sagada,43
1007,Sadanga,43
1006,Sabangan,43
1005,Paracelis,43
1004,Natonin,43
1003,Bontoc,43
1002,Besao,43
1001,Bauko,43
1000,Barlig,43
1041,Zaragoza,44
1040,Talugtug,44
1039,Talavera,44
1038,Science City Of Munoz,44
1037,Santo Domingo,44
1036,Santa Rosa,44
1035,San Leonardo,44
1034,San Jose City,44
1033,San Isidro,44
1032,San Antonio,44
1031,Rizal,44
1030,Quezon,44
1029,Penaranda,44
1028,Pantabangan,44
1027,Palayan City,44
1026,Nampicuan,44
1025,Lupao,44
1024,Llanera,44
1023,Licab,44
1022,Laur,44
1021,Jaen,44
1020,Guimba,44
1019,General Tinio,44
1018,General Mamerto Natividad,44
1017,Gapan City,44
1016,Gabaldon,44
1015,Cuyapo,44
1014,Carranglan,44
1013,Cabiao,44
1012,Cabanatuan City,44
1011,Bongabon,44
1010,Aliaga,44
1056,Villaverde,45
1055,Solano,45
1054,Santa Fe,45
1053,Quezon,45
1052,Kayapa,45
1051,Kasiba,45
1050,Dupax Del Sur,45
1049,Dupax Del Norte,45
1048,Diadi,45
1047,Bayombong,45
1046,Bambang,45
1045,Bagabag,45
1044,Aritao,45
1043,Ambaguio,45
1042,Alfonso Castaneda,45
1078,Sasmuan,46
1077,Santo Tomas,46
1076,Santa Rita,46
1075,Santa Ana,46
1074,San Simon,46
1073,San Luis,46
1072,San Fernando City,46
1071,Porac,46
1070,Minalin,46
1069,Mexico,46
1068,Masantol,46
1067,Magalang,46
1066,Macabebe,46
1065,Mabalacat,46
1064,Lubao,46
1063,Guagua,46
1062,Floridablanca,46
1061,Candaba,46
1060,Bacolor,46
1059,Arayat,46
1058,Apalit,46
1057,Angeles City,46
1126,Villasis,47
1125,Urdaneta City,47
1124,Urbiztondo,47
1123,Umingan,47
1122,Tayug,47
1121,Sual,47
1120,Sison,47
1119,Santo Tomas,47
1118,Santa Maria,47
1117,Santa Barbara,47
1116,San Quintin,47
1115,San Nicolas,47
1114,San Manuel,47
1113,San Jacinto,47
1112,San Fabian,47
1111,San Carlos City,47
1110,Rosales,47
1109,Pozorrubio,47
1108,Natividad,47
1107,Mapandan,47
1106,Mangatarem,47
1105,Mangaldan,47
1104,Manaoag,47
1103,Malasiqui,47
1102,Mabini,47
1101,Lingayen,47
1100,Laoac,47
1099,Labrador,47
1098,Infanta,47
1097,Dasol,47
1096,Dagupan City,47
1095,Calasiao,47
1094,Burgos,47
1093,Bugallon,47
1092,Bolinao,47
1091,Binmaley,47
1090,Binalonan,47
1089,Bayambang,47
1088,Bautista,47
1087,Basista,47
1086,Bani,47
1085,Balungao,47
1084,Asingan,47
1083,Anda,47
1082,Alcala,47
1081,Alaminos City,47
1080,Aguilar,47
1079,Agno,47
1132,Saguday,48
1131,Nagtipunan,48
1130,Maddela,48
1129,Diffun,48
1128,Cabarroguis,48
1127,Aglipay,48
1150,Victoria,49
1149,Tarlac City,49
1148,Santa Ignacia,49
1147,San Manuel,49
1146,San Jose,49
1145,San Clemente,49
1144,Ramos,49
1143,Pura,49
1142,Paniqui,49
1141,Moncada,49
1140,Mayantoc,49
1139,La Paz,49
1138,Gerona,49
1137,Concepcion,49
1136,Capas,49
1135,Camiling,49
1134,Bamban,49
1133,Anao,49
1164,Subic,50
1163,Santa Cruz,50
1162,San Narciso,50
1161,San Marcelino,50
1160,San Felipe,50
1159,San Antonio,50
1158,Palauig,50
1157,Olongapo City,50
1156,Masinloc,50
1155,Iba,50
1154,Castillejos,50
1153,Candelaria,50
1152,Cabangan,50
1151,Botolan,50
1176,Tubay,2
1175,Santiago,2
1174,Remedios T. Romualdez,2
1173,Nasipit,2
1172,Magallanes,2
1171,Las Nieves,2
1170,Kitcharao,2
1169,Jabonga,2
1168,Carmen,2
1167,Cabadbaran City,2
1166,Butuan City,2
1165,Buenavista,2
1190,Veruela,3
1189,Trento,3
1188,Talacogon,3
1187,Sibagat,3
1186,Santa Josefa,3
1185,San Luis,3
1184,San Francisco,3
1183,Rosario,3
1182,Prosperidad,3
1181,Loreto,3
1180,La Paz,3
1179,Esperanza,3
1178,Bunawan,3
1177,Bayugan City,3
1203,Ungkaya Pukan,4
1202,Tuburan,4
1201,Tipo-Tipo,4
1200,Tabuan-Lasa,4
1199,Sumisip,4
1198,Maluso,4
1197,Lantawan,4
1196,Lamitan City,4
1195,Isabela City,4
1194,Hadji Muhtamad,4
1193,Hadji Mohammad Ajul,4
1192,Al-Barka,4
1191,Akbar,4
1225,Valencia City,5
1224,Talakag,5
1223,Sumilao,5
1222,San Fernando,5
1221,Quezon,5
1220,Pangantucan,5
1219,Maramag,5
1218,Manolo Fortich,5
1217,Malitbog,5
1216,Malaybalay City,5
1215,Libona,5
1214,Lantapan,5
1213,Kitaotao,5
1212,Kibawe,5
1211,Kalilangan,5
1210,Kadingilan,5
1209,Impasug-ong,5
1208,Don Carlos,5
1207,Dangcagan,5
1206,Damulog,5
1205,Cabanglasan,5
1204,Baungon,5
1230,Sagay,6
1229,Mambajao,6
1228,Mahinog,6
1227,Guinsiliban,6
1226,Catarman,6
1241,Pantukan,7
1240,New Bataan,7
1239,Nabunturan,7
1238,Montevista,7
1237,Monkayo,7
1236,Mawab,7
1235,Maragusan,7
1234,Maco,7
1233,Mabini,7
1232,Laak,7
1231,Compostela,7
1242,Cotabato City,8
1253,Talaingod,9
1252,Tagum City,9
1251,Santo Tomas,9
1250,San Isidro,9
1249,Panabo City,9
1248,New Corella,9
1247,Kapalong,9
1246,Island Garden City Of Samal,9
1245,Carmen,9
1244,Braulio E. Dujali,9
1243,Asuncion,9
1269,Sulop,10
1268,Sarangani,10
1267,Santa Maria,10
1266,Santa Cruz,10
1265,Padada,10
1264,Matanao,10
1263,Malita,10
1262,Malalag,10
1261,Magsaysay,10
1260,Kiblawan,10
1259,Jose Abad Santos,10
1258,Hagonoy,10
1257,Don Marcelino,10
1256,Digos City,10
1255,Davao City,10
1254,Bansalan,10
1280,Tarragona,11
1279,San Isidro,11
1278,Mati City,11
1277,Manay,11
1276,Lupon,11
1275,Governor Generoso,11
1274,Cateel,11
1273,Caraga,11
1272,Boston,11
1271,Banaybanay,11
1270,Baganga,11
1287,Tubajon,12
1286,San Jose,12
1285,Loreto,12
1284,Libjo,12
1283,Dinagat,12
1282,Cagdianao,12
1281,Basilisa,12
1310,Tubod,13
1309,Tangcal,13
1308,Tagoloan,13
1307,Sultan Naga Dimaporo,13
1306,Sapad,13
1305,Salvador,13
1304,Poona Piagapo,13
1303,Pantar,13
1302,Pantao Ragat,13
1301,Nunungan,13
1300,Munai,13
1299,Matungao,13
1298,Maigo,13
1297,Magsaysay,13
1296,Linamon,13
1295,Lala,13
1294,Kolambugan,13
1293,Kauswagan,13
1292,Kapatagan,13
1291,Iligan City,13
1290,Baroy,13
1289,Baloi,13
1288,Bacolod,13
1350,Wao,14
1349,Tugaya,14
1348,Tubaran,14
1347,Taraka,14
1346,Tamparan,14
1345,Tagoloan Ii,14
1344,Sultan Dumalondong,14
1343,Saguiaran,14
1342,Pualas,14
1341,Poona Bayabao,14
1340,Picong,14
1339,Piagapo,14
1338,Pagayawan,14
1337,Mulondo,14
1336,Masiu,14
1335,Marogong,14
1334,Marawi City,14
1333,Marantao,14
1332,Malabang,14
1331,Maguing,14
1330,Madamba,14
1329,Madalum,14
1328,Lumbayanague,14
1327,Lumbatan,14
1326,Lumbaca-Unayan,14
1325,Lumba-Bayabao,14
1324,Kapatagan,14
1323,Kapai,14
1322,Ganassi,14
1321,Ditsaan-Ramain,14
1320,Calanogas,14
1319,Butig,14
1318,Bumbaran,14
1317,Bubong,14
1316,Buadiposo-Buntong,14
1315,Binidayan,14
1314,Bayang,14
1313,Balindong,14
1312,Balabagan,14
1311,Bacolod-Kalawi,14
1386,Upi,15
1385,Talitay,15
1384,Talayan,15
1383,Sultan Sa Barongis,15
1382,Sultan Mastura,15
1381,Sultan Kudarat,15
1380,South Upi,15
1379,Shariff Saydona Mustapha,15
1378,Shariff Aguak,15
1377,Rajah Buayan,15
1376,Parang,15
1375,Pandag,15
1374,Paglat,15
1373,Pagalungan,15
1372,Pagagawan,15
1371,Northern Kabuntalan,15
1370,Matanog,15
1369,Mangudadatu,15
1368,Mamasapano,15
1367,Kabuntalan,15
1366,Guindulungan,15
1365,Gen. S. K. Pendatun,15
1364,Datu Unsay,15
1363,Datu Saudi-Ampatuan,15
1362,Datu Salibo,15
1361,Datu Piang,15
1360,Datu Paglas,15
1359,Datu Odin Sinsuat,15
1358,Datu Hoffer Ampatuan,15
1357,Datu Blah T. Sinsuat,15
1356,Datu Anggal Midtimbang,15
1355,Datu Abdullah Sangki,15
1354,Buluan,15
1353,Buldon,15
1352,Barrira,15
1351,Ampatuan,15
1403,Tudela,16
1402,Tangub City,16
1401,Sinacaban,16
1400,Sapang Dalaga,16
1399,Plaridel,16
1398,Pana-on,16
1397,Ozamis City,16
1396,Oroquieta City,16
1395,Lopez Jaena,16
1394,Jimenez,16
1393,Don Victoriano Chiongbian,16
1392,Concepcion,16
1391,Clarin,16
1390,Calamba,16
1389,Bonifacio,16
1388,Baliangao,16
1387,Aloran,16
1429,Villanueva,17
1428,Talisayan,17
1427,Tagoloan,17
1426,Sugbongcogon,17
1425,Salay,17
1424,Opol,17
1423,Naawan,17
1422,Medina,17
1421,Manticao,17
1420,Magsaysay,17
1419,Lugait,17
1418,Libertad,17
1417,Laguindingan,17
1416,Lagonglong,17
1415,Kinoguitan,17
1414,Jasaan,17
1413,Initao,17
1412,Gitagum,17
1411,Gingoog City,17
1410,El Salvador City,17
1409,Claveria,17
1408,Cagayan De Oro City,17
1407,Binuangan,17
1406,Balingoan,17
1405,Balingasag,17
1404,Alubijid,17
1446,Tulunan,18
1445,President Roxas,18
1444,Pikit,18
1443,Pigkawayan,18
1442,Midsayap,18
1441,Matalam,18
1440,Makilala,18
1439,Magpet,18
1438,Libungan,18
1437,Kidapawan City,18
1436,Kabacan,18
1435,Carmen,18
1434,Banisilan,18
1433,Arakan,18
1432,Antipas,18
1431,Aleosan,18
1430,Alamada,18
1453,Malungon,19
1452,Malapatan,19
1451,Maitum,19
1450,Maasim,19
1449,Kiamba,19
1448,Glan,19
1447,Alabel,19
1464,Tupi,20
1463,Tantangan,20
1462,Tampakan,20
1461,Surallah,20
1460,Santo Nino,20
1459,Polomolok,20
1458,Norala,20
1457,Lake Sebu,20
1456,Koronadal City,20
1455,General Santos City,20
1454,Banga,20
1476,Tacurong City,21
1475,Sen. Ninoy Aquino,21
1474,President Quirino,21
1473,Palimbang,21
1472,Lutayan,21
1471,Lebak,21
1470,Lambayong,21
1469,Kalamansig,21
1468,Isulan,21
1467,Esperanza,21
1466,Columbio,21
1465,Bagumbayan,21
1495,Tongkil,22
1494,Tapul,22
1493,Talipao,22
1492,Siasi,22
1491,Patikul,22
1490,Pata,22
1489,Parang,22
1488,Pangutaran,22
1487,Panglima Estino,22
1486,Pandami,22
1485,Omar,22
1484,Old Panamao,22
1483,Maimbung,22
1482,Luuk,22
1481,Lungus,22
1480,Kalingalan Caluang,22
1479,Jolo,22
1478,Indanan,22
1477,Hadji Panglima Tahil,22
1516,Tubod,23
1515,Tagana-an,23
1514,Surigao City,23
1513,Socorro,23
1512,Sison,23
1511,Santa Monica,23
1510,San Isidro,23
1509,San Francisco,23
1508,San Benito,23
1507,Placer,23
1506,Pilar,23
1505,Malimono,23
1504,Mainit,23
1503,Gigaquit,23
1502,General Luna,23
1501,Del Carmen,23
1500,Dapa,23
1499,Claver,23
1498,Burgos,23
1497,Bacuag,23
1496,Alegria,23
1535,Tandag City,24
1534,Tago,24
1533,Tagbina,24
1532,San Miguel,24
1531,San Agustin,24
1530,Marihatag,24
1529,Madrid,24
1528,Lingig,24
1527,Lianga,24
1526,Lanuza,24
1525,Hinatuan,24
1524,Cortes,24
1523,Carrascal,24
1522,Carmen,24
1521,Cantilan,24
1520,Cagwait,24
1519,Bislig City,24
1518,Bayabas,24
1517,Barobo,24
1546,Turtle Islands,25
1545,Tandubas,25
1544,South Ubian,25
1543,Sitangkai,25
1542,Simunul,25
1541,Sibutu,25
1540,Sapa-Sapa,25
1539,Panglima Sugala,25
1538,Mapun,25
1537,Languyan,25
1536,Bongao,25
1573,Tampilisan,26
1572,Sirawai,26
1571,Siocon,26
1570,Sindangan,26
1569,Sibutad,26
1568,Sibuco,26
1567,Siayan,26
1566,Sergio Osmena Sr.,26
1565,Salug,26
1564,Rizal,26
1563,Pres. Manuel A. Roxas,26
1562,Polanco,26
1561,Pinan,26
1560,Mutia,26
1559,Manukan,26
1558,Liloy,26
1557,Labason,26
1556,La Libertad,26
1555,Katipunan,26
1554,Kalawit,26
1553,Jose Dalman,26
1552,Gutalac,26
1551,Godod,26
1550,Dipolog City,26
1549,Dapitan City,26
1548,Baliguian,26
1547,Bacungan,26
1601,Zamboanga City,27
1600,Vincenzo A. Sagun,27
1599,Tukuran,27
1598,Tigbao,27
1597,Tambulig,27
1596,Tabina,27
1595,Sominot,27
1594,San Pablo,27
1593,San Miguel,27
1592,Ramon Magsaysay,27
1591,Pitogo,27
1590,Pagadian City,27
1589,Molave,27
1588,Midsalip,27
1587,Margosatubig,27
1586,Mahayag,27
1585,Lapuyan,27
1584,Lakewood,27
1583,Labangan,27
1582,Kumalarang,27
1581,Josefina,27
1580,Guipos,27
1579,Dumingag,27
1578,Dumalinao,27
1577,Dinas,27
1576,Dimataling,27
1575,Bayog,27
1574,Aurora,27
1617,Tungawan,28
1616,Titay,28
1615,Talusan,28
1614,Siay,28
1613,Roseller Lim,28
1612,Payao,28
1611,Olutanga,28
1610,Naga,28
1609,Malangas,28
1608,Mabuhay,28
1607,Kabasalan,28
1606,Ipil,28
1605,Imelda,28
1604,Diplahan,28
1603,Buug,28
1602,Alicia,28
1647,Valenzuela City,1
1646,Tondo I / Ii,1
1645,Taguig City,1
1644,Santa Cruz,1
1643,Santa Ana,1
1642,San Nicolas,1
1641,San Miguel,1
1640,San Juan City,1
1639,Sampaloc,1
1638,Quiapo,1
1637,Quezon City,1
1636,Port Area,1
1635,Pateros,1
1634,Pasig City,1
1633,Pasay City,1
1632,Paranaque City,1
1631,Pandacan,1
1630,Paco,1
1629,Navotas City,1
1628,Muntinlupa City,1
1627,Marikina City,1
1626,Mandaluyong City,1
1625,Malate,1
1624,Malabon City,1
1623,Makati City,1
1622,Las Pinas City,1
1621,Intramuros,1
1620,Ermita,1
1619,Caloocan City,1
1618,Binondo,1
